{
	"select": {
		"column": "None",
		"type": "None"
	},
	"from": {
		"table": "client"
	},
	"join": {
	},
	"where": {
	},
	"group_by": {
	},
	"select": {
	},
}
{
	"select": {
		"column": "None",
		"type": "None"
	},
	"from": {
		"table": "city"
	},
	"join": {
	},
	"where": {
		"condition": [
			{ "column": "cityName",
			  "type": "None",
			  "operator": "=",
			  "value": "'san jose'"
			}
		]
	},
	"group_by": {
	},
	"select": {
	},
}
{
	"select": {
		"column": "None",
		"type": "None"
	},
	"from": {
		"table": "client"
	},
	"join": {
	},
	"where": {
	},
	"group_by": {
	},
	"select": {
	},
}
